{"cameraMode":{"drawMode":0,"name":"Shaded","section":"Shading Mode"},"sceneLighting":true,"audioPlay":false,"sceneViewState":{"showFog":true,"showMaterialUpdate":false,"showSkybox":true,"showFlares":true,"showImageEffects":true,"showParticleSystems":true},"in2DMode":false,"pivot":{"x":56.47805404663086,"y":23.204641342163087,"z":41.54887771606445},"rotation":{"x":0.024293959140777589,"y":0.03297986462712288,"z":-0.0008015789208002389,"w":0.9991616606712341},"size":55.34403610229492,"orthographic":false}