{"cameraMode":{"drawMode":0,"name":"Shaded","section":"Shading Mode"},"sceneLighting":true,"audioPlay":false,"sceneViewState":{"showFog":true,"showMaterialUpdate":false,"showSkybox":true,"showFlares":true,"showImageEffects":true,"showParticleSystems":true},"in2DMode":false,"pivot":{"x":120.90340423583985,"y":104.67536163330078,"z":-52.96068572998047},"rotation":{"x":0.0867782011628151,"y":-0.3212697505950928,"z":0.02957913652062416,"w":0.9425415396690369},"size":48.59623718261719,"orthographic":false}