{"cameraMode":{"drawMode":0,"name":"Shaded","section":"Shading Mode"},"sceneLighting":true,"audioPlay":false,"sceneViewState":{"showFog":true,"showMaterialUpdate":false,"showSkybox":true,"showFlares":true,"showImageEffects":true,"showParticleSystems":true},"in2DMode":false,"pivot":{"x":124.31135559082031,"y":111.28423309326172,"z":-49.39857482910156},"rotation":{"x":0.04448997974395752,"y":-0.3094817101955414,"z":0.014497577212750912,"w":0.9497550129890442},"size":131.6581573486328,"orthographic":false}